phi,ljungbox_stat_lag10,ljungbox_p_lag10
0.8607756137625796,1452.298006395382,5.0557107587267183e-306
